<?xml version="1.0"?>
<?xml-stylesheet type="text/xsl" href="Portfolio.xsl"?>

<portfolio>

	<stock>
		<symbol>HHDT</symbol>
		<oprice>100</oprice>
		<cprice>25</cprice>
	</stock>

	<stock>
		<symbol>DFKS</symbol>
		<oprice>250</oprice>
		<cprice>150</cprice>
	</stock>

	<stock>
		<symbol>NHSJ</symbol>
		<oprice>20</oprice>
		<cprice>1000</cprice>
	</stock>

	<stock>
		<symbol>DJSK</symbol>
		<oprice>425</oprice>
		<cprice>2</cprice>
	</stock>

	<stock>
		<symbol>MDSH</symbol>
		<oprice>50</oprice>
		<cprice>50</cprice>
	</stock>

	<stock>
		<symbol>TRVB</symbol>
		<oprice>90</oprice>
		<cprice>86</cprice>
	</stock>

</portfolio>