<?xml version="1.0" ?> 

<titulos>
<artigo>Rescued penguins swim home
	<sumario>Some 150 penguins unaffected by the oil spill have begun their long swim from Port Elizabeth back to their breeding habitat at Robben Island.</sumario>
	<categoria>Science &amp; Nature</categoria>
</artigo>

<artigo>Bug mops up sewage
	<sumario>A bug found in sewage water has pointed the way to cleaning up a dangerous industrial compound that has become an environmental headache.</sumario> 
	<categoria>Science &amp; Nature</categoria>
</artigo>

<artigo>In the land of the colour-blind
	<sumario>A hunt to find the cause of widespread colour-blindness among the population of a Western Pacific island has climaxed with the identification of a maverick gene.</sumario>
	<categoria>Health</categoria>
</artigo>
</titulos>
