<?xml version="1.0"?>
<?xml-stylesheet type="text/xsl" href="products.xsl"?>
<products>
<product code="Z123-888" category="tools">
   <description>Large claw hammer</description>
   <weight units="gms">850</weight>
   <price>12.99</price>
</product>
<product code="X853-122" category="books">
   <title>Plumbing for beginners</title>
   <ISBN>0-123-456-9876</ISBN>
   <price>10.95</price>
</product>
<product code="S14-8532" category="tools">
   <description>Adjustable spanner</description>
   <weight units="gms">330</weight>
   <price>5.25</price>
</product>
</products>
