<?xml version="1.0"?>
<?xml-stylesheet type="text/xsl" href="Ingredientes.xsl"?>

<recipe>

	<ingredients>
			<item>Boneless chicken breasts</item>
			<item>Chopped onions</item>
			<item>Ginger</item>
	</ingredients>

	<process>
		<step>Cut chicken into cubes, wash and apply lime juice and salt</step>
		<step>Add ginger, garlic, chili, coriander and lime juice in a separate
bowl</step>
		<step>Mix well, and add chicken to marinate for 3-4 hours</step>
		<step>Place chicken pieces on skewers and barbeque</step>
		<step>Remove, apply butter, and barbeque again until meat is tender</step>
		<step>Garnish with lemon and chopped onions</step>
	</process>

</recipe>