<?xml version="1.0" encoding="utf-8" standalone="yes"?>
<?xml-stylesheet type="text/xsl" href="TitleAndDate.xsl"?>
<Catalog>
<Book>
<Title>Designing Distributed Applications</Title>
<Authors>
<Author>Stephen Mohr</Author>
</Authors>
<PubDate>May 1999</PubDate>
<ISBN>1-861002-27-0</ISBN>
<Price>$49.99</Price>
</Book>
<Book>
<Title>Professional ASP 3.0</Title>
<Authors>
<Author>Alex Homer</Author>
<Author>Brian Francis</Author>
<Author>David Sussman</Author>
</Authors>
<PubDate>October 1999</PubDate>
<ISBN>1-861002-61-0</ISBN>
<Price>$59.99</Price>
</Book>
</Catalog>

