
<?xml version="1.0"?>
<!DOCTYPE Recipe SYSTEM "receita.dtd">
<?xml-stylesheet type="text/xsl" href="receita.xsl"?>


<Recipe>
   <Name>Bolo Surpresa</Name>
   <Description>
     O meu favorito....
   </Description>
   <Ingredients>
      <Ingredient>
         <Qty unit="caixa">1</Qty>
         <Item>Batata</Item>
      </Ingredient>
      <Ingredient>
         <Qty unit="g">500</Qty>
         <Item>Acucar</Item>
      </Ingredient>
      <Ingredient>
         <Qty unit="ml">500</Qty>
         <Item>Vinho branco</Item>
      </Ingredient>
      <Ingredient>
         <Qty unit="qb"/>
         <Item optional="1">Ovos</Item>
      </Ingredient>
   </Ingredients>
   <Instructions>
      <Step>
Preparar bem e comer melhor
      </Step>
      <!-- And so on... -->
   </Instructions>
</Recipe>
