<?xml version="1.0"?>
<?xml-stylesheet type="text/xsl" href="LoopReverse.xsl"?>

<top_five>

	<movie>
		<name>Star Wars: A New Hope</name>
		<cast>Mark Hamill, Carrie Fisher, Harrison Ford</cast>
		<director>George Lucas</director>
		<rank>100</rank>
	</movie>

	<movie>
		<name>The Patriot</name>
		<cast>Mel Gibson, Heath Ledger, Jason Isaacs</cast>
		<director>Roland Emmerich</director>
		<rank>5</rank>
	</movie>

	<movie>
		<name>The Whole Nine Yards</name>
		<cast>Bruce Willis, Matthew Perry</cast>
		<director>Jonathan Lynn</director>
		<rank>3</rank>
	</movie>

	<movie>
		<name>Gladiator</name>
		<cast>Russell Crowe, Connie Nielsen, Joaquin Phoenix</cast>
		<director>Ridley Scott</director>
		<rank>4</rank>
	</movie>

	<movie>
		<name>Unbreakable</name>
		<cast>Bruce Willis, Samuel L. Jackson</cast>
		<director>M. Night Shyamalan</director>
		<rank>2</rank>
	</movie>

</top_five>