<?xml version="1.0" ?>
<!DOCTYPE pessoas [
<!ELEMENT pessoa (pessoa*)>
<!ELEMENT pessoa (nome, data-nascimento?, telemovel?)>
<!ATTLIST pesssoa id CDATA #REQUIRED>
<!ELEMENT nome (#PCDATA)>
<!ELEMENT data_nascimento (dia, mes, ano)>
<!ELEMENT dia (#PCDATA)>
<!ELEMENT mes (#PCDATA)>
<!ELEMENT ano (#PCDATA)>
<!ELEMENT telefone EMPTY>
<!ATTLIST telefone rede CDATA #IMPLIED>
<!ATTLIST telefone num CDATA #REQUIRED>
]>
   <pessoas>
     <pessoa id="1">
         <nome> Jorge</nome>
         <data_nascimento>
            <dia> 10 </dia>
	    <mes> 9 </mes>
	    <ano>1975</ano>
	 </data_nascimento>
         <telefone rede="TMN" numero="960022000"/>                        
      </pessoa>
   </pessoas>