<?xml version="1.0"?>
<?xml-stylesheet type="text/xsl" href="soccer1.xsl"?>
<results group="A">
<match>
    <date>1998-06-10</date>
    <team score="2">Brazil</team>
    <team score="1">Scotland</team>
</match>
<match>
    <date>1998-06-16</date>
    <team score="3">Brazil</team>
    <team score="0">Morocco</team>
</match>
<match>
    <date>1998-06-23</date>
    <team score="1">Brazil</team>
    <team score="2">Norway</team>
</match>
<match>
    <date>1998-06-10</date>
    <team score="2">Morocco</team>
    <team score="2">Norway</team>
</match>
<match>
    <date>1998-06-16</date>
    <team score="1">Scotland</team>
    <team score="1">Norway</team>
</match>
<match>
    <date>1998-06-23</date>
    <team score="0">Scotland</team>
    <team score="3">Morocco</team>
</match>
</results>


